{
  "llama_faiss_mmr": {
    "query_times": [
      12.289043188095093,
      1.6529262065887451,
      7.200807332992554,
      1.1720502376556396,
      8.449530839920044
    ],
    "relevance_scores": [
      0.6971050202846527,
      0.4904991537332535,
      0.7075255215167999,
      0.6300842761993408,
      0.7746318876743317
    ],
    "diversity_scores": [
      0.6644257160906746,
      0.6186638721032094,
      0.7142004328288536,
      0.7330741909662348,
      0.6677682014854693
    ]
  },
  "llama_faiss_similarity": {
    "query_times": [
      2.522030830383301,
      7.101425647735596,
      17.065649271011353,
      6.362053632736206,
      4.585261583328247
    ],
    "relevance_scores": [
      0.6971050202846527,
      0.4904991537332535,
      0.7075255215167999,
      0.6300842761993408,
      0.7746318876743317
    ],
    "diversity_scores": [
      0.6644257160906746,
      0.6186638721032094,
      0.7142004328288536,
      0.7330741909662348,
      0.6677682014854693
    ]
  },
  "llama_chroma_mmr": {
    "query_times": [
      0.1347060203552246,
      0.13225364685058594,
      0.10564160346984863,
      0.09292793273925781,
      0.12348127365112305
    ],
    "relevance_scores": [
      0.5425988665401746,
      0.3546660888203689,
      0.5571655319980908,
      0.4772234795110802,
      0.615459124429382
    ],
    "diversity_scores": [
      0.6669830317384267,
      0.7527225145580125,
      0.7142004328288536,
      0.7330741909662348,
      0.7593099323792054
    ]
  },
  "llama_chroma_similarity": {
    "query_times": [
      18.78655433654785,
      9.240146398544312,
      3.316647529602051,
      2.622652769088745,
      4.3833184242248535
    ],
    "relevance_scores": [
      0.5456848719851912,
      0.36133590511937064,
      0.5571655319980908,
      0.4772234795110802,
      0.6377317079169325
    ],
    "diversity_scores": [
      0.6644257160906746,
      0.7130678973363624,
      0.7142004328288536,
      0.7330741909662348,
      0.6677682014854693
    ]
  }
}