{
  "llama_faiss_mmr": {
    "query_times": [ 
      0.0,
      9.548108339309692,
      8.484949588775635,
      8.852229595184326,
      2.758894443511963
    ],
    "relevance_scores": [
      0.0,
      0.4904991537332535,
      0.7075255215167999,
      0.6300842761993408,
      0.7746318876743317
    ],
    "diversity_scores": [
      0.6186638721032094,
      0.7142004328288536,
      0.7330741909662348,
      0.6677682014854693
    ]
  },
  "llama_faiss_similarity": {
    "query_times": [
      11.269487619400024,
      1.3870856761932373,
      23.278444051742554,
      1.8536691665649414,
      2.709566831588745
    ],
    "relevance_scores": [
      0.6971050202846527,
      0.4904991537332535,
      0.7075255215167999,
      0.6300842761993408,
      0.7746318876743317
    ],
    "diversity_scores": [
      0.6644257160906746,
      0.6186638721032094,
      0.7142004328288536,
      0.7330741909662348,
      0.6677682014854693
    ]
  },
  "llama_chroma_mmr": {
    "query_times": [
      0.13091349601745605,
      0.11135363578796387,
      0.06739473342895508,
      0.08157634735107422,
      0.11217927932739258
    ],
    "relevance_scores": [
      0.5425988665401746,
      0.35275636496683216,
      0.5571655319980908,
      0.4772234795110802,
      0.615459124429382
    ],
    "diversity_scores": [
      0.6669830317384267,
      0.7453199821351293,
      0.7142004328288536,
      0.7330741909662348,
      0.7593099323792054
    ]
  },
  "llama_chroma_similarity": {
    "query_times": [
      2.1309144496917725,
      3.941950559616089,
      0.0,
      14.394241333007812,
      6.653449535369873
    ],
    "relevance_scores": [
      0.5456848719851912,
      0.36186785826204904,
      0.0,
      0.4772234795110802,
      0.6377317079169325
    ],
    "diversity_scores": [
      0.6644257160906746,
      0.6186638721032094,
      0.7330741909662348,
      0.6677682014854693
    ]
  }
}