{
  "llama_faiss_mmr": {
    "avg_query_time": 6.152871561050415,
    "avg_relevance_score": 0.6599691718816757,
    "success_rate": 100.0,
    "storage_size_mb": 0.7931861877441406,
    "memory_usage_mb": 1009.60546875,
    "total_questions": 5,
    "successful_queries": 5,
    "cpu_usage_percent": 15.6,
    "avg_diversity_score": 0.6796264826948883,
    "throughput_qps": 0.16252573941739823,
    "index_build_time": 80.17547059059143
  },
  "llama_faiss_similarity": {
    "avg_query_time": 7.52728419303894,
    "avg_relevance_score": 0.6599691718816757,
    "success_rate": 100.0,
    "storage_size_mb": 0.7931861877441406,
    "memory_usage_mb": 1009.69921875,
    "total_questions": 5,
    "successful_queries": 5,
    "cpu_usage_percent": 20.3,
    "avg_diversity_score": 0.6796264826948883,
    "throughput_qps": 0.13285003918475366,
    "index_build_time": 80.17547059059143
  },
  "llama_chroma_mmr": {
    "avg_query_time": 0.117802095413208,
    "avg_relevance_score": 0.5094226182598193,
    "success_rate": 100.0,
    "storage_size_mb": 6.641330718994141,
    "memory_usage_mb": 1009.99609375,
    "total_questions": 5,
    "successful_queries": 5,
    "cpu_usage_percent": 29.6,
    "avg_diversity_score": 0.7252580204941466,
    "throughput_qps": 8.488813348288538,
    "index_build_time": 80.32469034194946
  },
  "llama_chroma_similarity": {
    "avg_query_time": 7.669863891601563,
    "avg_relevance_score": 0.515828299306133,
    "success_rate": 100.0,
    "storage_size_mb": 6.641330718994141,
    "memory_usage_mb": 1009.94140625,
    "total_questions": 5,
    "successful_queries": 5,
    "cpu_usage_percent": 18.0,
    "avg_diversity_score": 0.6985072877415189,
    "throughput_qps": 0.1303804101523877,
    "index_build_time": 80.32469034194946
  }
}