{
  "evaluation_info": {
    "timestamp": "2025-06-11 11:37:49",
    "total_questions": 5,
    "configurations_tested": [
      "llama_faiss_mmr",
      "llama_faiss_similarity",
      "llama_chroma_mmr",
      "llama_chroma_similarity"
    ],
    "embedding_model": "sentence-transformers/all-mpnet-base-v2"
  },
  "detailed_metrics": {
    "llama_faiss_mmr": {
      "avg_query_time": 6.152871561050415,
      "avg_relevance_score": 0.6599691718816757,
      "success_rate": 100.0,
      "storage_size_mb": 0.7931861877441406,
      "memory_usage_mb": 1009.60546875,
      "total_questions": 5,
      "successful_queries": 5,
      "query_times": [
        12.289043188095093,
        1.6529262065887451,
        7.200807332992554,
        1.1720502376556396,
        8.449530839920044
      ],
      "relevance_scores": [
        0.6971050202846527,
        0.4904991537332535,
        0.7075255215167999,
        0.6300842761993408,
        0.7746318876743317
      ],
      "cpu_usage_percent": 15.6,
      "diversity_scores": [
        0.6644257160906746,
        0.6186638721032094,
        0.7142004328288536,
        0.7330741909662348,
        0.6677682014854693
      ],
      "avg_diversity_score": 0.6796264826948883,
      "throughput_qps": 0.16252573941739823,
      "index_build_time": 80.17547059059143
    },
    "llama_faiss_similarity": {
      "avg_query_time": 7.52728419303894,
      "avg_relevance_score": 0.6599691718816757,
      "success_rate": 100.0,
      "storage_size_mb": 0.7931861877441406,
      "memory_usage_mb": 1009.69921875,
      "total_questions": 5,
      "successful_queries": 5,
      "query_times": [
        2.522030830383301,
        7.101425647735596,
        17.065649271011353,
        6.362053632736206,
        4.585261583328247
      ],
      "relevance_scores": [
        0.6971050202846527,
        0.4904991537332535,
        0.7075255215167999,
        0.6300842761993408,
        0.7746318876743317
      ],
      "cpu_usage_percent": 20.3,
      "diversity_scores": [
        0.6644257160906746,
        0.6186638721032094,
        0.7142004328288536,
        0.7330741909662348,
        0.6677682014854693
      ],
      "avg_diversity_score": 0.6796264826948883,
      "throughput_qps": 0.13285003918475366,
      "index_build_time": 80.17547059059143
    },
    "llama_chroma_mmr": {
      "avg_query_time": 0.117802095413208,
      "avg_relevance_score": 0.5094226182598193,
      "success_rate": 100.0,
      "storage_size_mb": 6.641330718994141,
      "memory_usage_mb": 1009.99609375,
      "total_questions": 5,
      "successful_queries": 5,
      "query_times": [
        0.1347060203552246,
        0.13225364685058594,
        0.10564160346984863,
        0.09292793273925781,
        0.12348127365112305
      ],
      "relevance_scores": [
        0.5425988665401746,
        0.3546660888203689,
        0.5571655319980908,
        0.4772234795110802,
        0.615459124429382
      ],
      "cpu_usage_percent": 29.6,
      "diversity_scores": [
        0.6669830317384267,
        0.7527225145580125,
        0.7142004328288536,
        0.7330741909662348,
        0.7593099323792054
      ],
      "avg_diversity_score": 0.7252580204941466,
      "throughput_qps": 8.488813348288538,
      "index_build_time": 80.32469034194946
    },
    "llama_chroma_similarity": {
      "avg_query_time": 7.669863891601563,
      "avg_relevance_score": 0.515828299306133,
      "success_rate": 100.0,
      "storage_size_mb": 6.641330718994141,
      "memory_usage_mb": 1009.94140625,
      "total_questions": 5,
      "successful_queries": 5,
      "query_times": [
        18.78655433654785,
        9.240146398544312,
        3.316647529602051,
        2.622652769088745,
        4.3833184242248535
      ],
      "relevance_scores": [
        0.5456848719851912,
        0.36133590511937064,
        0.5571655319980908,
        0.4772234795110802,
        0.6377317079169325
      ],
      "cpu_usage_percent": 18.0,
      "diversity_scores": [
        0.6644257160906746,
        0.7130678973363624,
        0.7142004328288536,
        0.7330741909662348,
        0.6677682014854693
      ],
      "avg_diversity_score": 0.6985072877415189,
      "throughput_qps": 0.1303804101523877,
      "index_build_time": 80.32469034194946
    }
  },
  "summary": {
    "fastest_query": "llama_chroma_mmr",
    "most_relevant": "llama_faiss_mmr",
    "smallest_storage": "llama_faiss_mmr",
    "lowest_memory": "llama_faiss_mmr",
    "performance_ranking": [
      {
        "strategy": "llama_chroma_mmr",
        "composite_score": 2.269580558962481,
        "metrics": {
          "avg_query_time": 0.117802095413208,
          "avg_relevance_score": 0.5094226182598193,
          "success_rate": 100.0,
          "storage_size_mb": 6.641330718994141,
          "memory_usage_mb": 1009.99609375,
          "total_questions": 5,
          "successful_queries": 5,
          "query_times": [
            0.1347060203552246,
            0.13225364685058594,
            0.10564160346984863,
            0.09292793273925781,
            0.12348127365112305
          ],
          "relevance_scores": [
            0.5425988665401746,
            0.3546660888203689,
            0.5571655319980908,
            0.4772234795110802,
            0.615459124429382
          ],
          "cpu_usage_percent": 29.6,
          "diversity_scores": [
            0.6669830317384267,
            0.7527225145580125,
            0.7142004328288536,
            0.7330741909662348,
            0.7593099323792054
          ],
          "avg_diversity_score": 0.7252580204941466,
          "throughput_qps": 8.488813348288538,
          "index_build_time": 80.32469034194946
        }
      },
      {
        "strategy": "llama_faiss_mmr",
        "composite_score": 0.5206523918162894,
        "metrics": {
          "avg_query_time": 6.152871561050415,
          "avg_relevance_score": 0.6599691718816757,
          "success_rate": 100.0,
          "storage_size_mb": 0.7931861877441406,
          "memory_usage_mb": 1009.60546875,
          "total_questions": 5,
          "successful_queries": 5,
          "query_times": [
            12.289043188095093,
            1.6529262065887451,
            7.200807332992554,
            1.1720502376556396,
            8.449530839920044
          ],
          "relevance_scores": [
            0.6971050202846527,
            0.4904991537332535,
            0.7075255215167999,
            0.6300842761993408,
            0.7746318876743317
          ],
          "cpu_usage_percent": 15.6,
          "diversity_scores": [
            0.6644257160906746,
            0.6186638721032094,
            0.7142004328288536,
            0.7330741909662348,
            0.6677682014854693
          ],
          "avg_diversity_score": 0.6796264826948883,
          "throughput_qps": 0.16252573941739823,
          "index_build_time": 80.17547059059143
        }
      },
      {
        "strategy": "llama_faiss_similarity",
        "composite_score": 0.51323563465043,
        "metrics": {
          "avg_query_time": 7.52728419303894,
          "avg_relevance_score": 0.6599691718816757,
          "success_rate": 100.0,
          "storage_size_mb": 0.7931861877441406,
          "memory_usage_mb": 1009.69921875,
          "total_questions": 5,
          "successful_queries": 5,
          "query_times": [
            2.522030830383301,
            7.101425647735596,
            17.065649271011353,
            6.362053632736206,
            4.585261583328247
          ],
          "relevance_scores": [
            0.6971050202846527,
            0.4904991537332535,
            0.7075255215167999,
            0.6300842761993408,
            0.7746318876743317
          ],
          "cpu_usage_percent": 20.3,