{
  "evaluation_info": {
    "timestamp": "2025-06-10 19:42:50",
    "total_questions": 5,
    "configurations_tested": [
      "llama_faiss_mmr",
      "llama_faiss_similarity",
      "llama_chroma_mmr",
      "llama_chroma_similarity"
    ],
    "embedding_model": "sentence-transformers/all-mpnet-base-v2"
  },
  "detailed_metrics": {
    "llama_faiss_mmr": {
      "avg_query_time": 5.928836393356323,
      "avg_relevance_score": 0.5205481678247452,
      "success_rate": 80.0, 
      "storage_size_mb": 0.7931861877441406,
      "memory_usage_mb": 1011.42578125,
      "total_questions": 5,
      "successful_queries": 4,
      "query_times": [
        0.0,
        9.548108339309692,
        8.484949588775635,
        8.852229595184326,
        2.758894443511963
      ],
      "relevance_scores": [
        0.0,
        0.4904991537332535,
        0.7075255215167999,
        0.6300842761993408,
        0.7746318876743317
      ],
      "cpu_usage_percent": 9.4,
      "diversity_scores": [
        0.6186638721032094,
        0.7142004328288536,
        0.7330741909662348,
        0.6677682014854693
      ],
      "avg_diversity_score": 0.6834266743459417,
      "throughput_qps": 0.16866716057818193,
      "index_build_time": 66.67413258552551
    },
    "llama_faiss_similarity": {
      "avg_query_time": 8.099650669097901,
      "avg_relevance_score": 0.6599691718816757,
      "success_rate": 100.0,
      "storage_size_mb": 0.7931861877441406,
      "memory_usage_mb": 1011.4140625,
      "total_questions": 5,
      "successful_queries": 5,
      "query_times": [
        11.269487619400024,
        1.3870856761932373,
        23.278444051742554,
        1.8536691665649414,
        2.709566831588745
      ],
      "relevance_scores": [
        0.6971050202846527,
        0.4904991537332535,
        0.7075255215167999,
        0.6300842761993408,
        0.7746318876743317
      ],
      "cpu_usage_percent": 12.3,
      "diversity_scores": [
        0.6644257160906746,
        0.6186638721032094,
        0.7142004328288536,
        0.7330741909662348,
        0.6677682014854693
      ],
      "avg_diversity_score": 0.6796264826948883,
      "throughput_qps": 0.1234621147076427,
      "index_build_time": 66.67413258552551
    },
    "llama_chroma_mmr": {
      "avg_query_time": 0.10068349838256836,
      "avg_relevance_score": 0.509040673489112,
      "success_rate": 100.0,
      "storage_size_mb": 6.645236968994141,
      "memory_usage_mb": 1011.60546875,
      "total_questions": 5,
      "successful_queries": 5,
      "query_times": [
        0.13091349601745605,
        0.11135363578796387,
        0.06739473342895508,
        0.08157634735107422,
        0.11217927932739258
      ],
      "relevance_scores": [
        0.5425988665401746,
        0.35275636496683216,
        0.5571655319980908,
        0.4772234795110802,
        0.615459124429382
      ],
      "cpu_usage_percent": 15.0,
      "diversity_scores": [
        0.6669830317384267,
        0.7453199821351293,
        0.7142004328288536,
        0.7330741909662348,
        0.7593099323792054
      ],
      "avg_diversity_score": 0.72377751400957,
      "throughput_qps": 9.932114160359102,
      "index_build_time": 63.36640787124634
    },
    "llama_chroma_similarity": {
      "avg_query_time": 5.424111175537109,
      "avg_relevance_score": 0.4045015835350506,
      "success_rate": 80.0,
      "storage_size_mb": 6.645236968994141,
      "memory_usage_mb": 1011.63671875,
      "total_questions": 5,
      "successful_queries": 4,
      "query_times": [
        2.1309144496917725,
        3.941950559616089,
        0.0,
        14.394241333007812,
        6.653449535369873
      ],
      "relevance_scores": [
        0.5456848719851912,
        0.36186785826204904,
        0.0,
        0.4772234795110802,
        0.6377317079169325
      ],
      "cpu_usage_percent": 18.1,
      "diversity_scores": [
        0.6644257160906746,
        0.6186638721032094,
        0.7330741909662348,
        0.6677682014854693
      ],
      "avg_diversity_score": 0.670982995161397,
      "throughput_qps": 0.18436200284943044,
      "index_build_time": 63.36640787124634
    }
  },
  "summary": {
    "fastest_query": "llama_chroma_mmr",
    "most_relevant": "llama_faiss_similarity",
    "smallest_storage": "llama_faiss_mmr",
    "lowest_memory": "llama_faiss_similarity",
    "performance_ranking": [
      {
        "strategy": "llama_chroma_mmr",
        "composite_score": 2.6237319216727855,
        "metrics": {
          "avg_query_time": 0.10068349838256836,
          "avg_relevance_score": 0.509040673489112,
          "success_rate": 100.0,
          "storage_size_mb": 6.645236968994141,
          "memory_usage_mb": 1011.60546875,
          "total_questions": 5,
          "successful_queries": 5,
          "query_times": [
            0.13091349601745605,
            0.11135363578796387,
            0.06739473342895508,
            0.08157634735107422,
            0.11217927932739258
          ],
          "relevance_scores": [
            0.5425988665401746,
            0.35275636496683216,
            0.5571655319980908,
            0.4772234795110802,
            0.615459124429382
          ],
          "cpu_usage_percent": 15.0,
          "diversity_scores": [
            0.6669830317384267,
            0.7453199821351293,
            0.7142004328288536,
            0.7330741909662348,
            0.7593099323792054
          ],
          "avg_diversity_score": 0.72377751400957,
          "throughput_qps": 9.932114160359102,
          "index_build_time": 63.36640787124634
        }
      },
      {
        "strategy": "llama_faiss_similarity",
        "composite_score": 0.5108888351750127,
        "metrics": {
          "avg_query_time": 8.099650669097901,
          "avg_relevance_score": 0.6599691718816757,
          "success_rate": 100.0,
          "storage_size_mb": 0.7931861877441406,
          "memory_usage_mb": 1011.4140625,
          "total_questions": 5,
          "successful_queries": 5,
          "query_times": [
            11.269487619400024,
            1.3870856761932373,
            23.278444051742554,
            1.8536691665649414,
            2.709566831588745
          ],
          "relevance_scores": [
            0.6971050202846527,
            0.4904991537332535,
            0.7075255215167999,
            0.6300842761993408,
            0.7746318876743317
          ],
          "cpu_usage_percent": 12.3,
          "diversity_scores": [
            0.6644257160906746,
            0.6186638721032094,
            0.7142004328288536,
            0.7330741909662348,
            0.6677682014854693
          ],
          "avg_diversity_score": 0.6796264826948883,
          "throughput_qps": 0.1234621147076427,
          "index_build_time": 66.67413258552551
        }
      },
      {
        "strategy": "llama_faiss_mmr",
        "composite_score": 0.48733154206415774,
        "metrics": {
          "avg_query_time": 5.928836393356323,
          "avg_relevance_score": 0.5205481678247452,
          "success_rate": 80.0,
          "storage_size_mb": 0.7931861877441406,
          "memory_usage_mb": 1011.42578125,
          "total_questions": 5,
          "successful_queries": 4,
          "query_times": [
            0.0,
            9.548108339309692,
            8.484949588775635,
            8.852229595184326,
            2.758894443511963
          ],
          "relevance_scores": [
            0.0,
            0.4904991537332535,
            0.7075255215167999,
            0.6300842761993408,
            0.7746318876743317
          ],
          "cpu_usage_percent": 9.4,
          "diversity_scores": [
            0.6186638721032094,
            0.7142004328288536,
            0.7330741909662348,
            0.6677682014854693
          ],
          "avg_diversity_score": 0.6834266743459417,
          "throughput_qps": 0.16866716057818193,